channel_name,channel_url,channel_id
A.R. Bernard - Christian Cultural,https://www.youtube.com/@cccinfo,
Aaron Buer - Ada Bible Church,https://www.youtube.com/@adabible,
Aaron Miller - Real Life Community,https://www.youtube.com/@reallifecommunity,UCiw153h9B_U62YxmBWFCkew
Alistair Begg - Parkside Church,https://www.youtube.com/@ParksideChurch,
Allen Jackson - World Outreach,https://www.youtube.com/@worldoutreachchurch,
Allen Parr - Allen Parr (The BEAT),https://www.youtube.com/@thebeatagp,
Allen Slaughter - Canyon Ridge,https://www.youtube.com/@canyonridge,
Alyn E. Waller - Enon Tabernacle,https://www.youtube.com/@enontabernacle,
Andy Stanley - North Point,https://www.youtube.com/@AndyStanley,UCoj-QrMnJXBj97Qcrhmx-nw
Andy Stanley - North Point Ministries,https://www.youtube.com/@NorthPointAtlanta,
Andy Thompson - World Overcomers,https://www.youtube.com/@worldovercomers,
Andy Wood - Saddleback Church,https://www.youtube.com/@saddlebackchurch,
Ashley Wooldridge - CCV (Christ's Church),https://www.youtube.com/@ccvonline,
Bil Cornelius - Church Unlimited,https://www.youtube.com/@churchunlimited,
Bill Johnson - Bethel Redding,https://www.youtube.com/@Bethel_Online,
Brady Boyd - New Life Church,https://www.youtube.com/@newlifechurch,
Brett Meador - Athey Creek Church,https://www.youtube.com/@atheycreek,
Brian Cook - ACF Church,https://www.youtube.com/@acfchurch,
Brian Tome - Crossroads Church,https://www.youtube.com/@crsrdschurch,
Brian Warth - The Father's House,https://www.youtube.com/@TFHNY,
Bryan Halferty - Anchor Church Tacoma,https://www.youtube.com/@anchortacoma,
Charles Blake - West Angeles COGIC,https://www.youtube.com/@westangelescogic,
Charles Nieman - Abundant Church,https://www.youtube.com/@abundantchurchep,
Chris Bell - 3Circle Church,https://www.youtube.com/@3circlechurch,
Chris Hodges - Church of the Highlands,https://www.youtube.com/@churchofthehighlandsAL,
Chris Philbeck - Mount Pleasant,https://www.youtube.com/@mpccministry,
Collin Outerbridge - Nona Church,https://www.youtube.com/@nonachurch,
Craig Groeschel - Life.Church,https://www.youtube.com/@life.church,
Craig Groeschel - Life.Church,https://www.youtube.com/@LifeChurch,
Creflo Dollar - World Changers,https://www.youtube.com/@CrefloDollar1,
Dave Dummitt - Willow Creek,https://www.youtube.com/@willowcreek,
Dave Ferguson - Community Christian,https://www.youtube.com/@communitychristian,
Dave Folkerts - Calvary Chapel Melb.,https://www.youtube.com/@calvarymelbourne,
Dave Richards - The Crossing,https://www.youtube.com/@thecrossing,
David Jeremiah - Turning Point,https://www.youtube.com/@drdavidjeremiah,
David Platt - Radical,https://www.youtube.com/@FollowRadical,
David Uth - First Baptist Orlando,https://www.youtube.com/@fborlando,
Dean Herman - 5 Point Church,https://www.youtube.com/@5pointchurch,
Doug Wilson - Canon Press,https://www.youtube.com/@CanonPress,
Ed Newton - Community Bible Church,https://www.youtube.com/@cbcsocial,
Ed Young - Fellowship Church,https://www.youtube.com/@EdYoung,
Eric Geiger - Mariners Church,https://www.youtube.com/@marinerschurch,
GJ Barnes - Empowerment Temple,https://www.youtube.com/@empowermenttemple,
Gary Hamrick - Calvary Chapel Lees.,https://www.youtube.com/@cornerstonechpl,
Gavin Ortlund - Truth Unites,https://www.youtube.com/@TruthUnites,
Glen Spaulding - Deliverance Evangel.,https://www.youtube.com/@deliverancepa,
Grainger Browning - Ebenezer AME Church,https://www.youtube.com/@ebenezerame,
Grant Fishbook - Christ the King,https://www.youtube.com/@CTKBellingham,
Greg Laurie - Harvest Christian,https://www.youtube.com/@harvestchurchyt,
Greg Locke - Global Vision Bible,https://www.youtube.com/@lockemediaPH,
Guillermo Maldonado - King Jesus Int.,https://www.youtube.com/@apostlegm,
Isaiah Saldivar - Isaiah Saldivar,https://www.youtube.com/@IsaiahSaldivar,
J. Mark Martin - Calvary Community,https://www.youtube.com/@calvaryphx,
J.D. Greear - Summit Church,https://www.youtube.com/@j.d.greear,
J.J. Vasquez - Journey Church,https://www.youtube.com/@journeychurch,
Jack Hibbs - Calvary Chapel Chino,https://www.youtube.com/@RealLifeJackHibbs,
Jared Bridge - Anchor Church ABQ,https://www.youtube.com/@anchorchurchabq,
Jason Berry - 12Stone Church,https://www.youtube.com/@12stonechurch,
Jason Mitchell - LCBC Church,https://www.youtube.com/@LCBCChurch,
Jason Strand - Eagle Brook Church,https://www.youtube.com/@eaglebrookchurch,
Jeff Durbin - Apologia Studios,https://www.youtube.com/@apologiastudios,
Jeff Leake - Allison Park Church,https://www.youtube.com/@allisonparkchurch,
Jentezen Franklin - Free Chapel,https://www.youtube.com/@freechapel,
Jim Burgen - Flatirons Community,https://www.youtube.com/@flatirons,
Joby Martin - The Church of Eleven22,https://www.youtube.com/@TheChurchofEleven22,
Joe Focht - Calvary Philadelphia,https://www.youtube.com/@ccphilly,
Joel Osteen - Lakewood Church,https://www.youtube.com/@joelosteen,
John J. Wagner - EPIC Church Int.,https://www.youtube.com/@epicchurchintl,
John K. Jenkins Sr. - First Baptist Glenarden,https://www.youtube.com/@Inside_FBCG,
John MacArthur - Grace to You,https://www.youtube.com/@gracetoyou,
John Piper - Desiring God,https://www.youtube.com/@desiringgod,
John Wilkerson - First Baptist Hammond,https://www.youtube.com/@fbchammond,
Jon Weece - Southland Christian,https://www.youtube.com/@southland.church,
Joseph W. Walker III - Mount Zion Baptist,https://www.youtube.com/@mtzionnashville,
Josh Buice - G3 Ministries,https://www.youtube.com/@G3Ministries,
Josh Deeter - First Church,https://www.youtube.com/@firstchurchohio,
Josh Howerton - Lakepointe Church,https://www.youtube.com/@LakepointeChurch,
Joshua Selman - Koinonia Global,https://www.youtube.com/@KoinoniaGlobal,
Jud Wilhite - Central Church,https://www.youtube.com/@central.church,
Justin Dailey - Action Church,https://www.youtube.com/@actionchurch,
Ken Claytor - Alive Church,https://www.youtube.com/@alivechurchorlando,
Kyle Idleman - Southeast Christian,https://www.youtube.com/@SoutheastChristianChurch,
Levi Lusko - Fresh Life Church,https://www.youtube.com/@freshlifechurch,
Louie Giglio - Passion City Church,https://www.youtube.com/@PassionCityChurch,
Luke Barnett - Dream City Church,https://www.youtube.com/@DreamCity-Church,
Mark Dever - Capitol Hill Baptist,https://www.youtube.com/@9marks,
Marty Grubbs - Crossings Community,https://www.youtube.com/@mycrossings,
Matt Chandler - The Village Church,https://www.youtube.com/@thevillagechurch,
Matt Chandler - Village Church,https://www.youtube.com/@TheVillageChurch,
Michael Koulianos - Jesus Image,https://www.youtube.com/@jesusimage,
Michael Miller - Upper Room Dallas,https://www.youtube.com/@upperroom,
Michael Todd - Transformation Church,https://www.youtube.com/@wearetransformation,
Mike Winger - Mike Winger,https://www.youtube.com/@MikeWinger,
Miles McPherson - The Rock Church,https://www.youtube.com/@therocksandiego,
Multiple - Dallas Seminary,https://www.youtube.com/@DallasTheologicalSeminary,
Multiple - Reformed Sem. (RTS),https://www.youtube.com/@ReformedTheologicalSeminary,
Multiple - Southern Seminary,https://www.youtube.com/@SouthernSeminary,
Multiple - Tenth Presbyterian,https://www.youtube.com/@TenthPresbyterianChurch,
Multiple - The Gospel Coalition,https://www.youtube.com/@thegospelcoalition,
Multiple - Westminster Seminary,https://www.youtube.com/@WestminsterTheologicalSeminary,
Nick Floyd - Cross Church,https://www.youtube.com/@CrossChurch,
Noel Jones - City of Refuge,https://www.youtube.com/@cityofrefuge,
Paul Washer - HeartCry Missionary,https://www.youtube.com/@heartcrymissionary,
Pete Mueller - ACTS Church Lakeway,https://www.youtube.com/@actschurchlakeway,
Phil Hopper - Abundant Life,https://www.youtube.com/@livingproofonline,
R.C. Sproul - Ligonier Ministries,https://www.youtube.com/@ligonier,
Randy Bezet - Bayside Community,https://www.youtube.com/@baysidecommunity,
Raul Ries - Calvary Golden Springs,https://www.youtube.com/@raulries,
Ray Chang - Ambassador Church,https://www.youtube.com/@ambassadorchurch,
Ray Comfort - Living Waters,https://www.youtube.com/@LivingWaters,
Ray Johnston - Bayside Church,https://www.youtube.com/@BaysideChurch,
Ray Viola - Koinonia Fellowship,https://www.youtube.com/@koinoniarochester,
Rich Wilkerson Jr. - VOUS Church,https://www.youtube.com/@VOUSChurch,
Rob Jackson - Browncroft Community,https://www.youtube.com/@browncroft,
Rob Pacienza - Coral Ridge,https://www.youtube.com/@CoralRidge,
Robert Furrow - Calvary Tucson,https://www.youtube.com/@CalvaryTucson,
Robert Herber - All Peoples Church,https://www.youtube.com/@allpeopleschurch,
Robert McWilliams - Anchor Church Kaneohe,https://www.youtube.com/@anchorkaneohe,
Robert Morris - Gateway Church,https://www.youtube.com/@gatewaychurchtv,
Robert Morris - Gateway Church,https://www.youtube.com/@gaboratv,
Ross Sawyers - 121 Community Church,https://www.youtube.com/@121community,
Rusty George - Real Life Church,https://www.youtube.com/@reallifechurch,
Skip Heitzig - Calvary Albuquerque,https://www.youtube.com/@CalvaryABQ,
Solomon Kinloch - Triumph Church,https://www.youtube.com/@TriumphDetroit,
Steve Munsey - Family Christian Center,https://www.youtube.com/@fcc4me,
Steve Smothermon - Legacy Church,https://www.youtube.com/@LegacyChurchNM,
Steven Furtick - Elevation Church,https://www.youtube.com/@elevationchurch,
Stevie Flockhart - 901 Church,https://www.youtube.com/@901church,
TD Jakes - The Potter's House,https://www.youtube.com/@TDJakesOfficial,
Tim Harlow - Parkview Christian,https://www.youtube.com/@parkviewchristian,
Tim Keller - Gospel in Life,https://www.youtube.com/@gospelinlife,
Tim Mackie - BibleProject,https://www.youtube.com/@bibleproject,
Tim Timberlake - Celebration Church,https://www.youtube.com/@celebrationjax,
Todd Friel - Wretched Network,https://www.youtube.com/@WretchedNetwork,
Todd Mullins - Christ Fellowship,https://www.youtube.com/@christfellowship,
Tom Ascol - Founders Ministries,https://www.youtube.com/@FoundersMinistries,
Tony Evans,https://www.youtube.com/@TonyEvansOfficial,
"Tony Johnson - 2,42 Community",https://www.youtube.com/@242community,
Trevor DeVage - Pantano Christian,https://www.youtube.com/@pantanocc,
Troy Gramling - Potential Church,https://www.youtube.com/@PotentialChurch,
Vlad Savchuk - HungryGen,https://www.youtube.com/@vladhungrygen,
Voddie Baucham,https://www.youtube.com/@VoddieBauchamMinistries,
Wayne Bray - Upstate Church,https://www.youtube.com/@upstatechurch,
Whit George - Church on the Move,https://www.youtube.com/@churchonthemove,
